Brand_ID,Brand,Owner,Ownership Type,Notes
1,3 Musketeers,Mars,Megacorp,
2,7th Generation,Unilever,Megacorp,But they sure looked natural...
3,A1 Steak sauce,Kraft-Heinz,Megacorp,
4,AIM,Church & Dwight,Megacorp,
5,Alani Nu,Congo Brands,Founder owned/Private equity backed,
6,Alba Botanicals,Hain Celestial Group,Megacorp,
7,Alessi,Alessi family,Family owned,Third generation.
8,All American Crackers,Harris family,Family owned,"Based in Seattle, second generation"
9,All-bran,Kellogg's,Megacorp,
10,Almond Joy,The Hershey Company,Megacorp,
11,Alpen Muesli,Post,Megacorp,
12,Alter Eco,Next World Evergreen,Private Equity,Acquired in 2017
13,Amara,Jess Sturzenegger,Female founder owned,
14,Amazon Flakes,Nature's Path,Founder Family Owned,
15,Angel Soft,Koch Industries,Megacorp,The Koch family megacorp- this is through their ownership of Georgia Pacific LLC
16,Annie's homegrown,General Mills,Megacorp,
17,Annies Organic Cocoa Bunnies,General Mills,Megacorp,Annie's Homegrown is owned by General Mills
18,Apple Jacks,Kellogg's,Megacorp,
19,Aquafresh,GSK ,Megacorp,
20,Aquaphor,Maxingvest AG,Megacorp,Owned by Biersedorf which is controled by Maxingvest AG which is a circular ownership scheme of the Herz family worth about $8 billion
21,Aquis ,Britta Cox and Suveen Sahib,Female founder owned and her husband,
22,Arizona Iced Tea,Don Voltagio,Founder owned,His story is funny and pretty wild if you wanna look into it.
23,Arm & Hammer,Church & Dwight,Megacorp,
24,As I am,Dr. Ali Syed,Founder owned,
25,Attitude,Jean-Francois Bernier,Privately owned,He bought the company when it was teeny tiny and grew it. Apparently not private equity backed...
26,August,Nadya Okamoto & Nick Jain,Founder Owned,
27,Aunt Jackies,House of Cheatham,Privately owned,Seems super sketchy
28,Auntie Annie's,General Mills,Megacorp,
29,Aussie,Procter & Gamble,Megacorp,
30,Aveeno,Johnson & Johnson,Megacorp,"As of July 2023, they plan to spin off Kenvue as a seperate company."
31,Aveeno Baby,Johnson & Johnson,Megacorp,Owned by Kenvue whic is owned by J&J
32,Axe,Unilever,Megacorp,
33,Aztec Secret,Patrick K Roman,Founder owned,
34,Baby Dove,Unilever,Megacorp,
35,Baby gourmet,Jennifer Carlson and Jill Vos,Female founder owned,
36,Babybel,Unibel,Megacorp (French),
37,Back to Nature,Barilla,Megacorp,
38,Bang,Monster Beverage Corp,Megacorp,Went through bankruptcy in 2023 and got bought
39,Barbara's,Post,Megacorp,
40,Bark Thins,The Hershey Company,Megacorp,
41,Basic 4,General Mills,Megacorp,
42,Baskin Robbins,Inspire Brands,Private Equity,Fuq these guys
43,Batiste,Church & Dwight,Megacorp,
44,Beach Nut,Oetker Group,Family megacorp,
45,Bear Naked Granola,Kellogg's,Megacorp,
46,Beaver mustard,Beaverton Foods,Family owned,
47,Bed Head,Unilever via Toni & Guy,Megacorp,
48,Bellatoria,Bernatello's Foods,Ramsay Family,
49,Ben & Jerry's,Unilever,Megacorp,I don't write the rules here guys.
50,Bernstein's dressing,Conagra Brands,Megacorp,
51,Bertolli,Mizkan Group,Megacorp,Based in Japan
52,Best Damn,Main Post Partners,Private Equity,This is just a Duke Cannon brand
53,Best foods mayo,Unilever,Megacorp,
54,Better Oats,Post,Megacorp,
55,Beyond Good,Tim McCollum,Founder owned,
56,Beyond Raw,Harbin Pharmaceutical,Megacorp,This is just a GNC brand. See notes on GNC.
57,Bigelow,Bigelow Family,Family owned,Third generation now. Cindi Bigelow is current CEO & president
58,Bio-engineered Supplements & Nutrition (BSN),Glanbia Plc,Megacorp,At least the top shareholders aren't Blackrock and Vanguard
59,Biore,Kao Corporation,Megacorp,Based in Tokyo
60,Black Rifle Coffee Co.,Evan Hafer,Founder owned,Veteran owned. Hafer was a green beret for 15 years.
61,Blue Diamond,Farmer's co-op,Co-op,"Almond farmers in California, since 1910."
62,Bobbie,Laura Modi & Sarah Hardy,Female founder owned,"Legit as hell. New company, full of energy and advocacy. Check them out."
63,Body Armor,Coca-cola,Megacorp,
64,Boogie Wipes,Eleeo Brands,Private Equity,Feels like classic soulless private equity and they've been passed around between private equity companies since 2012
65,Bouchard,Charlie Investors,Private Equity,Bouchard was bought by Halloren which is controlled by Charlie Investors which is primarily controlled by two German families is what it seems like.
66,Boudin Sourdoug,Daniel Giraudo,Family owned,"Founded in 1849, it's the oldest continually running business in San Francisco. In 1941 it was bought by Steven Giraudo who worked there. Then it was sold around several times before being repurchased by Steven grandson Daniel in 2002."
67,Boudrewaux's butt paste,Prestige Consumer Healthcare Inc,Megacorp,Owned by Fleet Laboratories which is owned by Prestige Consumer Healthcare
68,Bounty,Procter & Gamble,Megacorp,
69,Bran Flakes,Post,Megacorp,
70,Brawny,Koch Industries,Megacorp,The Koch family megacorp- this is through their ownership of Georgia Pacific LLC
71,Breton,Dare foods,Family owned,Canadian family owned since 1889
72,Breyer's,Unilever,Megacorp,
73,Brianna's dressing,La Costena,Megacorp,
74,Bucked Up,Jeff & Ryan Gardner,Founder family owned,"Founded by twin brothers. These guys are social media marketers, not nutritionists, but hey. They're not the CCP."
75,Burt's Bees,Clorox,Megacorp,
76,Burts Bees,Clorox,Megacorp,
77,Butterfinger,Ferrero Group,Family owned,
78,C4,Doss Cunningham with megacorp backing,Megacorp,"Doss Cunningham is primary owner, CEO and board chair, but Keurig-Dr Pepper purchased a 30% stake in the company."
79,Cacique,Cardenas family,Family owned,
80,Cafe Bustelo,J. M. Smucker ,Megacorp,
81,Calidad,Gruma Corp.,Megacorp,
82,California Pizza Kitchen,Nestle,Megacorp,
83,Calypso Lemonade,King juice company,Private Equity,
84,Camilia,Boiron,Megacorp,Based in France and traded on the French exchange. Majority owned by the Boiron family
85,Camille Rose,Janelle Evans,Female founder owned,
86,Cantu,PDC brands,Private Equity,
87,Cap'n Crunch,PepsiCo,Megacorp,
88,Carefree liners,Johnson & Johnson,Megacorp,
89,Carol's daughter,L'oreal,Megacorp,Bettencourt family & Nestle control majority stakes
90,Carrs,Pladis Global,Megacorp,
91,Cascade Ice,Mike Broadwell & Mark Christensen,Founder owned,Owned via Unique Beverage Company
92,Catalina Crunch Cereals,Catalina Crunch,Founder Owned,
93,Caulipower,Gail Becker,Founder owned,Gail has two sons with celiac disease
94,Celcius,Celcius holdings,Megacorp,
95,Celestial Seasonings,Hain Celestial Group,Megacorp,
96,Centrum,Haleon,Megacorp,Previously owned by Pfizer and GSK
97,CeraVe,L'Oreal,Megacorp,L'Oreal is majority owned by the investment arm of the Bettencourt-Meyers family alongside Nestle.
98,Cerebelly ,Dr. Teresa Pursner & Nick Langan,Female founder owned,"Dr. Pursner is a practicing neurosurgeon, PhD in developmental neurobiology from Stanford and mom of three."
99,Certain Dri,"Clarion Brands, LLC",Private Equity,"Clarion is owned by Bridges Consumer Healthcare, LLC, which is owned by Charlesbank Capital Partners, IE private equity"
100,Cetaphil,Galderma- Owned by EQT + Abu Dhabi Investment Authority (ADIA),Megacorp,"Originally developed by L'Oreal- then sold to Nestle, then sold to consortium of institutional investors EQT+ADIA"
101,Charmin,Procter & Gamble,Megacorp,
102,Cheddies,Pergola family,Family owned PE backed,Unclear how much private equity is involved. They've recieved at least $800k plus in PE backing
103,Cheerios,General Mills,Megacorp,
104,Cheetos,PepsiCo,Megacorp,
105,Cheez Its,Kellanova,Megacorp,"So, apparently last year Kellogg's split into two companies, Kellanova owns a lot of the extra brands they had. Kellogg's, I believe has the cereals..."
106,Chex,General Mills,Megacorp,
107,CHI,Farouk Shami,uhhh.... founder big money owned?...,
108,Chicken in a Biscuit,Nabisco,Megacorp,
109,Chocolate Necesities,Kevin Buck,Founder owned,My hometown chocolatiers!
110,Chocolove,Timothy Moley,Founder owned,
111,Chosen Foods,Butterfly Equity,Private Equity,
112,Cinnamon Toast Crunch,General Mills,Megacorp,
113,Clamato,JAB holding company,Megacorp,
114,Classico,Kraft-Heinz,Megacorp,Majority owned by Warren Buffet
115,Clean & Clear,Johnson & Johnson,Megacorp,
116,Clean Age,Rachel Peters,Female Founder Owned,Founded by Rachel Peters- kinda cookie cutter website...
117,Clima plex,Simon Ostler,Founder owned I think,
118,Close-Up,Unilever,Megacorp,
119,Club,Kellanova,Megacorp,
120,Coco Wheats,Post,Megacorp,
121,Cocoa Puffs,General Mills,Megacorp,
122,COLAB,SLG brands,Private Equity,Founded by Miles Dunkley
123,Colgate,Colgate Palmolive,Megacorp,
124,Cookie Crisp,General Mills,Megacorp,
125,Cora ,Molly Haward,Female Founder Owned,
126,Corn Flakes,Kellogg's,Megacorp,
127,Corn Pops,Kellogg's,Megacorp,
128,Cottonelle,Kimberly-Clark,Megacorp,
129,Country Life,Lion Equity Partners,Private Equity,
130,Cracklin' Oat Bran,Kellogg's,Megacorp,
131,Crest,Procter & Gamble,Megacorp,
132,Cretor's Popcorn,C. Cretors & Co,Family Owned,
133,Crispix,Kellogg's,Megacorp,
134,Crispy Rice,Nature's Path,Founder Family Owned,
135,Crystal,Private Equity ,Private Equity,"French Transit, LLC owned by Juggernaut Capital Partners"
136,Crystal Ice,Anheuser Busch,Megacorp,
137,Curls,Mahisha Dellinger,Female founder owned,
138,Death Wish Coffe Co.,Michael Brown,Founder owned,Apparently this coffee is like 4x as strong as regular coffee because of bean selection and special roasting techniques...
139,Degree,Unilever,Megacorp,
140,Derma E,Topix Pharmaceuticals,Private Equity,Acquired in 2018
141,Desitin,Johnson & Johnson,Megacorp,
142,Differin,Galderma- Owned by EQT + Abu Dhabi Investment Authority (ADIA),Megacorp,
143,Digiorno,Nestle,Megacorp,
144,Disney100,Post,Megacorp,
145,Dole,,Megacorp,
146,Donut Shop Coffee,JAB Holding Company,Megacorp,Owned via Keurig-Dr. Pepper which is 78% owned by JAB
147,Doritos,PepsiCo,Megacorp,
148,Dot's Pretzels,Hershey's,Megacorp,
149,Dove,Unilever,Megacorp,
150,Dr. Bronner's,Bronner's family,Family owned,Checkout the wikipedia page for a fun read
151,Dr. Natural,Gary Taneja,Privately owned,Gary Taneja bought the company in 2009
152,Dr. Squatch,Jack Haldrop,Founder owned- private equity backed,Backed by Harlan Capital (and possibly others?)
153,Dreyer's,Nestle,Megacorp,
154,Duke Cannon,Main Post Partners,Private Equity,
155,Dunkin Donuts,Inspire Brands,Private Equity,
156,Dunkin',Inspire Brands,Private Equity,"One of the giant PE conglomerates destroying the food service space. They also own Arby's, Sonic, Buffalo Wild Wings, Baskin Robbins, and Rusty Taco."
157,Dymatize,Post Holdings Inc,Megacorp,You know... the cereal company...
158,Earth's Best,The Hain Celestial Group,Megacorp,Have been caught with high levels of toxic heavy metals in their baby food
159,Ecoco inc,Nobody knows,Effing mystery,
160,Eczema Honey,Minesh Patel,Founder owned,
161,Edward & Sons,Joel Dee,Family owned,Dude started a whole trading company. Seems like a pretty cool old hippy.
162,Egyptian Magic,LordPharaoh ImHotepAmonRa,Founder owned,This is not a joke... this is for real.
163,Eight O'Clock Coffee,Tata Group,Megacorp,India's largest conglomorate. $150 billion in revenue last year.
164,Emergen-C,Pfizer,Megacorp,
165,Endangered Species Chocolate,Wayne Zink & Randy Deer,Privately owned,"Super weird, sketchy acquisition where they seem to have stollen the company from the owner after an investment deal went south. The founder then sued for $18 million and they have clearly tried very hard to erase all memory of it from the internet. The only source I could find is here. Bottom line- I spent like half an hour just trying to find out who owns them and that sketches me out and I don't like them..."
166,Enfamil,Reckitt Benckiser Group,Megacorp,More than 200 lawsuits pending...
167,Equal Exchange,Employee owned,Employee owned Co-op,"This seems like it could be pretty sketchy... but a lot more digging would be required to uncover that. Company HQ is in the states, but all the workers and farmers are in third world countries..."
168,Equate Beauty,Walmart ,Megacorp,
169,Erin Baker's ,Erin Baker's ,Founder Family Owned,
170,Eva NYC,Bansk Group,Private Equity,
171,Everyman Jack,Private Equity ,Private Equity,"The Carlyle Group- super sketchy, look them up"
172,Ezekiel 4:9 Cereal,Food For Life,Founder Family Owned,
173,Fairy Tales Haircare,Risa Barash,Female founder owned,Have sponsored this channel and are awesome! Highly recommended for kids and adults.
174,Famous Dave's,MTY franchising,Private Equity,
175,Famous Daves,MTY Food Group,Megacorp,Fidelity pickles
176,Farina Mills,Post,Megacorp,
177,Ferrero,Ferrero Group,Family owned,"Owned by the Ferrero Family, super secretive and mysterious apparnetly... spooky..."
178,Fiber One,General Mills,Megacorp,
179,Filippo Berio,Bright Food,Megacorp,Second largest China based food company
180,Fiora,PT Sinar Mas Group (Eka Tjipta Widjaja & Family),Megacorp,Technically family owned- but this is a megacorp for all intents and purposes
181,Fisher Price,Matel,Megacorp,
182,Folgers,J. M. Smucker ,Megacorp,
183,Forager Project Cereals,Forager Project,Founder Owned,Danone has purchased a minority stake in the company
184,Frank's Red Hot,McCormick,Megacorp,
185,French's,McCormick,Megacorp,
186,Freschetta,Schwan's Consumer Brands,CJ CheilJedang,"CJ CheilJedang is a South Korean international food, pharmaceutical, and biotechnology company..."
187,Freshwater,Hutcherson Family,Family owned,Based in Australia
188,Frigo,Saputo family,Family owned,"One of the largest producers of ""extended shelf life dairy products"" in the world. (IE this shit aint cheese, even if it is family owned.)"
189,Fritos,PepsiCo,Megacorp,
190,From the Groud Up,Aaron Greenwald & Private Equity,Private Equity,PE firm Halen Brands seems too involved to call this founder owned. Plus they are acquiring tons of other niche snack brands like greedy little private equity bees.
191,Froot Loops,Kellogg's,Megacorp,
192,Frosted Flakes,Kellogg's,Megacorp,
193,Frosted Mini Wheats,Kellogg's,Megacorp,
194,Fruit Juice Sweetened Corn Flakes,Nature's Path,Founder Family Owned,
195,Function of beauty,Zahir Dossa,Founder owned,
196,G Fuel,Clifford Morgan,Founder owned,"Some controversy worth looking into. This brand was targetting e-sports from the start, not athletics"
197,Galbani,Lactalis,Megacorp (French),
198,Garden of Life,Nestle,Megacorp,
199,Garnier,L'oreal,Megacorp,
200,Gatorade,Pepsico,Megacorp,
201,Gerber,Nestle,Megacorp,
202,Gerber Good Start,Gerber,Megacorp,"Heavy metals in their baby food, and in their infant formula- though the judge dismissed the case because plaintiffs didn't prove 'financial harm' ... uhhh.... Here is the original government report"
203,Gevalia,Kraft Heinz,Megacorp,
204,Ghiradelli,Chocoladefabriken Lindt & Sprüngli AG,Megacorp,Owned by Lindt
205,Ghost,Dan Lourenco & Ryan Hughes,"Megacorporate-backed, founder owned",Entered into a big deal with Anheuser-Busche Inbev back in 2020 when they launched the energy drinks
206,Gillete,Procter & Gamble,Megacorp,
207,Girard's dressing,HACO ,Private Equity,
208,Glaxon,Michael Bischoff Jr.,Founder owned,"Partnered with GNC for distribution, does not appear to affect ownership."
209,Gloria Jean's Coffees,Retail food group,Megacorp,Australian based owned by a bunch of big AUS money
210,Glutino,Tyson Foods,Megacorp,
211,GNC,Harbin Pharmaceutical,Megacorp,The biggest pharma company in China- mostly state owned.
212,Gold Leaf Tea,Coca-cola,Megacorp,
213,Golden Crisp,Post,Megacorp,
214,Golden Grahams,General Mills,Megacorp,
215,Goldfish,Campbell's Soup Company,Megacorp,Pepperidge Farm remembers 
216,Goli Nutrition,Michael Bitensky,Founder owned,
217,Good Thins,Mondelez International,Megacorp,
218,Goodnites,Kimberly-Clark,Megacorp,Formerly Pull Ups Goodnites
219,Gorilla Munch,Nature's Path,Founder Family Owned,
220,Grape-Nuts,Post,Megacorp,
221,Great Grains,Post,Megacorp,
222,Great Value,Walmart,Megacorp,
223,Green Dragon,Unique Beverage Co,Founder owned,Same company that makes cascade ice
224,Green Mountain Coffee Roasters,JAB Holding Company,Megacorp,
225,Grey Pupon,Kraft-Heinz,Megacorp,
226,Guayaki,,B-corp,Sends lots of money to rainforest rehab
227,Haggen Das,General Mills,Megacorp,
228,Hair Biology,Procter & Gamble,Megacorp,
229,Happy Baby,Danone,Megacorp,
230,Hask,Inspired Beauty Brands,Private Equity,
231,Hawaiian Brand Chips,Utz Brands,Megacorp,
232,Hawaiian Punch,JAB holding company,Megacorp,
233,Head & Shoulders,Procter & Gamble,Megacorp,
234,Healthy Teas,Lauren Culbreth,Founder owned,
235,Heath,The Hershey Company,,
236,Heinz,Kraft-Heinz,Megacorp,
237,Hello Products,Colgate-Palmolive,Megacorp,
238,Herbal Essences,Procter & Gamble,Mega corporation,
239,Heritage Flakes,Nature's Path,Founder Family Owned,
240,Heritage O's,Nature's Path,Founder Family Owned,
241,Heritage Store,HGGC ,Private Equity,Owned by Neutraceutical which was acquired by HGGC
242,Hero,Church & Dwight,Megacorp,
243,hers,Hims & Hers Health Inc.,Megacorp,
244,Hershey's,The Hershey Company,Megacorp,
245,Hershey's Kisses,The Hershey Company,Megacorp,
246,Hi-Brew Coffee,David Smith,Founder owned,
247,Hidden Valley,Clorox,Megacorp,
248,High Key Cereals,High Key Snacks,Founder Owned,AJ Patel is the founder and he is a serial entrepreneur if you know what I mean...
249,hollywood beauty,Mezzanine capital Maven Hill Capital,Private Equity,
250,Honey Bunches of Oats,Post,Megacorp,
251,HONEY MAID S’mores,Post,Megacorp,
252,Honey Ohs!,Post,Megacorp,
253,Honey Smacks,Kellogg's,Megacorp,
254,Honeycomb,Post,Megacorp,
255,HU,Mondelez International,Megacorp,
256,Huggies,Kimberly-Clark,Megacorporation,
257,Humble,Jeff Shardell,Founder Owned,"Jeff Shardell- super transparent on website, super natural"
258,Hunts,Conagra Brands,Megacorp,
259,Hyland's naturals,Standard Homeopathic Co,Private Equity?,"uhhhhh... maybe read this if you're using their teething tablets... Or any of their products. Very opaque, seems sketchy."
260,IsoPure,Glanbia Plc,Megacorp,At least the top shareholders aren't Blackrock and Vanguard
261,It's a 10,Carolyn Aronson,Female founder owned,
262,Jason,Hain Celestial Group,Megacorp,
263,John Freida,John Freida,Founder owned,
264,Johnsons,Johnson & Johnson,Megacorporation,
265,Jozi curls,Capetown Toiletry company,Mystery money,Super fuckin sketchy
266,Juanitas,Dominguez Family Foods,Family Owned,Based in Oregon
267,Juantonio's,Dominguez Family Foods,Family Owned,Based in Oregon
268,Jumex,La Costena,Megacorp,
269,Junior Mints,Tootsie Roll Industries,Megacorp,
270,Jym,Jim Stoppani,Founder owned,"Dude is a Dr. and is yoked, and has A+ mission statements."
271,K'Ul,Paul Newman and Ari Lee-Newman,Founder owned,"Not the Paul Newman of Newman's own, different Paul. This company seems very invested in advocating for worker and farmer rights."
272,Kaged,Michael McClane,Founder owned I think?,One of the founders left on this message in 2023. Some controversy... it's a little unclear how the ownership structure changed. It doesn't appear to have been bought out?
273,Kandoo Kids,Nehemia Manufacturing,Private Equity? ,Maybe just go see for yourself? Probably better than J&J
274,Kashi,Kellogg's,Megacorp,
275,Ken's dressing,Crowley & Hannah families,Family owned,
276,Kendamil,Kendal Nutricare,Family owned,Owned by the McMahon family- brothers Dylan and Will and their dad Ross
277,Kenra,Henkel,Mega corporation,
278,Kern's,La Costena,Megacorp,
279,Keto Organic Cereal,Nature's Path,Founder Family Owned,
280,Kinder,Ferrero Group,Family owned,
281,Kinder BBQ sauce,Ignite,Private Equity,
282,Kinky Curly,Shelley Davis,Female founder owned,
283,KitKat,The Hershey Company,Megacorp,
284,Kix,General Mills,Megacorp,
285,Kleenex,Kimberly-Clark,Megacorp,
286,Koala Crisp,Nature's Path,Founder Family Owned,
287,Kotex,Kimberly-Clark,Megacorp,
288,Kraft,Kraft-Heinz,Megacorp,
289,Krave,Kellogg's,Megacorp,
290,L'Oreal,L'Oreal,Megacorp,
291,La Roche Posay,L'Oreal,Megacorp,
292,Lance,Campbell's Soup Company,Megacorporation,
293,Landmark Coffee,Landman Family,Family owned,"Founded by Carl Landman, now run by his son Jim. Not to be confused with the numerous other Landmark coffee companies out there. This one is, I believe, registered as Carl Landman Co., Inc."
294,Langer's,Langer family,Family owned,
295,Lays,PepsiCo,Megacorp,
296,Lea & Perrins (worstechire sauce),Kraft-Heinz,Megacorp,
297,Lesley Stowe,Dare foods,Family owned,
298,Life Cereal,PepsiCo,Megacorp,
299,Life Doesn't Stink (Stinkbug Naturals),Ben & Jade Bower,Founder Owned,
300,Lifewater,Pepsico,Megacorp,
301,Lily's,The Hershey Company,Megacorp,
302,Lindt,Chocoladefabriken Lindt & Sprüngli AG,Megacorp,Vanguard owns 30% of the shares of Lindt's parent company
303,Lipton,Pepsico/Unilever,Megacorp,Some sort of split ownership deal. 
304,Liquid IV,Unilever,Megacorp,Acquired in 2020 for an undisclosed amount
305,Little remedies,Prestige Consumer Healthcare Inc,Megacorporation,
306,Little Spoon,"Lisa Barnett, Angela Vranich, Michelle Muller, and Ben Lewis",Founder owned,
307,Lola,Alex Friedman & Jordana Kier,Female Founder Owned,
308,Louisiana Fish Fry,MidOcean,Private Equity,
309,Love Crunch,Nature's Path,Founder Family Owned,
310,Lubriderm,Johnson & Johnson,Megacorp,
311,Lucerne,Albertsons,Megacorp,
312,Lucky Charms,General Mills,Megacorp,
313,Lume,Harry's ,Private Equity,"Lume was Harry's first acquisition- Harry's is still controlled by the founders, but they seem to be trying to become mega corporate. Tried to sell out to Edgewell in 2021 but were blocked by the FTC"
314,Luvs,Procter & Gamble,Megacorporation,
315,Luxe Beauty,Jane May Graves,Female Founder Owned,"Jane is a chemist and a certified bad ass. One of the highest integrity companies I've found when it comes to natural, non-toxic ingredients. She avoids cheap oils in her products and packages in glass to avoid plastic exposure. Next level. Check out the blog on her website for a bunch of deep dives on the beauty industry and products."
316,Luzianne,Reily Family,Family owned,
317,M&M's,Mars,Megacorp,
318,Mad Rabbit,Oliver Zak & Selom Agbitor,Founder owned,"Tattoo specific natural skincare, but lots of great products for general skin wellness"
319,Magic All-one chocolate,The Bronner Family,Family owned,This is Dr. Bronner's chocolate brand
320,Magic Spoon Cereals,Magic Spoon,Founder Owned,
321,Malt-O-Meal,Post,Megacorp,
322,Malt-O-Meal Hot,Post,Megacorp,
323,Mama Bear Organics,Amazon,Megacorp,
324,Mane 'n Tail,Katzev family,Family owned,Have a hillarious TikTok account- great for animals and for humans
325,Marc Anthony,MAV ,Private equity/insider controlled corporation,
326,Martinelli's,Marinelli family,Family owned,
327,Mary's gone Crackers,Kameda Seika,Japanese Megacorp,I was hoping it would be Mary... but it's not...
328,Maui Moisture,Johnson & Johnson,Mega corporation,
329,McCafe,McDonald's ,Megacorp,
330,Merci Chocolate,Axel Oberwelland,Family Owned,Son of founder August Oberwelland currently runs and owns it.
331,Mesa Sunrise,Nature's Path,Founder Family Owned,
332,Method Products,S.C. Johnson & Son,Private Equity,Private Company 6th richest family in America
333,Mezzetta,Jeff Mezzetta & Family,Family Owned,Fourth generation family owned
334,Michum,Revlon- Ronald Perelman,Private Equity,Skeezy billionaire with lots of questionable connections
335,Mielle,Procter & Gamble,Mega corporation,
336,Milky Way,Mars,Megacorp,
337,Miltons,Bary Robbins & David Levy,"Founder owned, PE backed",Unclear how much PE is involved
338,Minute Maid,Coca-Cola,Megacorp,
339,Miracel Whip,Kraft-Heinz,Megacorp,
340,Miss Jessie's,Miko Branch,Female founder owned,Bad Ass. RIP to Titi <3
341,Mission Chips,Gruma Corp.,Megacorp,Based in Mexico
342,Mom's Best,Post,Megacorp,
343,Monday,Zuru Edge,Privately owned,CEO Jaimee Lupton is partner of Zuru founder
344,Monster,Monster Beverage Corp,Megacorp,
345,Mother's Shea,Eugenia Akuete,Founder owned,
346,Mott's,JAB holding company,Megacorp,
347,Mt Olive,Privately Owned,Privately owned,SOME CRAZY STORY COME BACK TO THIS
348,Mueslix,Kellogg's,Megacorp,
349,Muscletech,Xiwang Foodstuffs,Megacorp,"Owned via Iovate Health Sciences International which is owned by Xiwang, a Chinese mega corp focussed on seed oils for the most part."
350,Nad's,Sue Ismiel,Founder owned,
351,Nalley,Conagra Brands,Megacorporation,
352,Napoleon,Magnano Family,Family owned,Fourth generation family owned
353,Natean,GSK,Megacorp,
354,Native,Procter & Gamble,Megacorp,
355,Natracare,Susie Hewson,Female Founder Owned,Since 1989! the GOAT
356,Natrol,Aurobindo Pharma USA inc.,Mega Corporation,
357,Nature Made,Otsuka Pharmaceutical Co.,Mega Corporation,
358,Nature's Bounty,Nestle,Mega Corporation,
359,Nature's Way,Schwabe Group,Mega Corporation,
360,Neutrogena,Johnson & Johnson,Megacorp,
361,Newman's Own,The Newman's Own Foundation,Private Non-Profit,This company is the GOAT. They donate 100% of profits to charity and have donated more than $570 million worldwide through Newman's Own Foundation. However- this article details the family fight for control over the company after Paul's death.
362,Niagara Chocolates,Migros,Co-op,"Niagara chocolate was bought by Migros, Switzerland's largest retailer and employer. It is apparently a worker's co-op."
363,Nib Mor,Heather K. Terry & Private Equity backers,complicated,"Founded by Heather K. Terry, but a lot of funding rounds have taken place. Emil capital partners and possibly other VC firms are involved, it's hard to say if Terry is still in charge or not. "
364,Nidio,Nestle,Megacorporation,I'll just leave this here...
365,NOS,Monster Beverage Corp,Megacorp,
366,Not your mothers,Bethany and Rocky Pagliarulo,Founder family owned,
367,Nudy Rudy,Value Max Products,Private Equity,Classic attempt at hiding the parent company from you because it's kinda sus...
368,Numi,Ahmed Rahim and Reem Hassani,Family owned,"Brother and sister who imigrated from Baghdad, Iraq in 1971"
369,Nutramigen,Reckitt Benckiser Group,Megacorporation,Mead Johnson is owned by Reckitt Benckiser Group and facing several class action lawsuits over baby formula
370,O Organics,Albertson's,Megacorporation,
371,Oatmeal Crisp,General Mills,Megacorp,
372,OB Tampons,Edgewell Personal Care,Megacorp,
373,Ocean Spray,Co-op,Farmer's Co-op,
374,Odele,"Shannon, Britta, Lindsay",Female Founder owned,
375,Off Court,Bani Bahari & Jonathan Lawrence,Family owned,Founders are married. Company is minority owned and backed by private equity Cartograph Ventures and Intonation Ventures
376,OGX,Johnson & Johnson,Mega corporation,
377,Oh Henry!,The Hershey Company,Megacorp,
378,Oilogic,Jordan Morrow & Worth Anne Herrell,Female Founder owned,
379,Olaplex,Advent International,Private Equity,
380,Olay,Procter & Gamble,Megacorp,
381,Old Spice,Procter & Gamble,Megacorp,
382,Olly Nutrition,Unilever,Mega Corporation,
383,Once Upon A Farm,Jennifer Garner & John Foraker,Founder owned,
384,One A Day,Bayer,Mega Corporation,
385,One Mighty Mill,One Mighty Mill,Founder owned,Founded by John Olinto
386,Optimum Nutrition (ON),Glanbia Plc,Megacorp,At least the top shareholders aren't Blackrock and Vanguard
387,Orajel,Church & Dwight,Megacorporation,
388,Oregon's Wild Harvest,Randy Buresh and Pam Martin-Buresh,Family Owned,
389,OREO O’s,Post,Megacorp,
390,Organic By Nature,David Sandoval,Founder owned,Not to be confused with the copious other similarly named brands
391,Organic Nuna,Jeff Lichtenstein,Family owned,
392,Organic Valley,Co-op,Farmer's Co-op,"Founded by George Siemon, who had previously worked for the National Organic Standards Board"
393,Organiceville,Employee Owned,Employee Owned,
394,Organicville,"Litehouse, Inc",Employee owned,
395,Pacifica,Brook Harvey Taylor and husband,Female Founder owned,
396,Pampers,Procter & Gamble,Megacorporation,
397,Panda Puffs,Nature's Path,Founder Family Owned,
398,Pantene,Procter & Gamble,Mega corporation,
399,Parent's Choice,Walmart,Megacorp,Store brand- manufactured by a subsidiary of Pfizer
400,Partners,Harris family,Family owned,"Based in Seattle, second generation"
401,Patagonia Provisions,Yvon Chouinard,Founder owned,This is the outdoor clothing company. The dude who climbs mountains.
402,Peace Tea,Coca-cola,Megacorp,
403,Pearson's Mint,Spell Capital Partners,Private Equity,
404,PEBBLES,Post,Megacorp,
405,Pediasure,Abbott Labs,Megacorporation,"""More sugar than a 12-ounce can of cola..."""
406,Peet's,JAB Holding Company,Megacorp,
407,Perodontax,Haleon,Megacorp,
408,Pert Plus,Procter & Gamble,Mega corporation, 
409,Plant Fuel,Brad Pyatt,Founder owned-mega corp backed,Has an equity partnership with GNC
410,Playtex,Edgewell Personal Care,Megacorp,
411,Plochman's,HACO,Private Equity,
412,Plum Organics,Sun-Maid,Co-op,
413,Podium,"Mat Fraser, Heber Cannon and Marston Sawyers (aka the “Buttery Bros”), Paul Haverland ",Founder owned,"Mat Fraser is an effing legend, whether you love or hate crossfit, I dare you to hate Mat. This company was founded out of crossfit- with crossfit style training in mind (IE all around fitness)"
414,Polly-O,Auricchio family (Bel Gioioso),Family owned,
415,Ponds,Unilever,Megacorp,
416,Portlandia Foods,Jeff Bergadine & Michael Deal,Founder owned,
417,Powerade,Coca-cola,Megacorp,
418,Prego,Campbell's Soup Company,Mega Corporation,"Mary Alice Dorrance Malone(descendent of founder) still has largest stake in the company despite it being corporate
"
419,Premier Protein,Post,Megacorp,
420,Premium Saltines,Nabisco,Megacorporation,
421,Prime,Congo Brands,Private Equity,Founded via Congo Brands by Logan Paul and KSI- YouTube celebrities. Judge the brand accordingly.
422,Propel,Pepsico,Megacorp,
423,Puffins,Post,Megacorp,
424,Puffs,Procter & Gamble,Megacorp,
425,Pull Ups,Kimberly-Clark,Megacorporation,These are just Huggies with a different packaging
426,Puracy,Branded Group,Private Equity,
427,Pure Zero,JM brands,Private Equity,
428,Quaker Oats,PepsiCo,Megacorp,
429,Quilted Northern,Koch Industries,Megacorp,The Koch family megacorp- this is through their ownership of Georgia Pacific LLC
430,Rael,,Female Founder owned,Three Kool Korean-American ladies. Legit.
431,Ragu,Mizkan Group,Mega Corporation,Based in Japan
432,Rainforest Coffee Co.,Nick Keller,Founder owned,"Partnered with this this channel- Follow this afilliate link to support my channel with a portion of proceeds and use code cancelthisclothingcompany for $5 off any order. A portion of all proceeds go to rainforest rehabilitation and all coffee is organic, pesticide free, small batch roasted to order."
433,Raisin Bran,Kellogg's,Megacorp,
434,Raisin Nut Bran,General Mills,Megacorp,
435,Raos,Campbell's Soup Company,Mega Corporation,"Mary Alice Dorrance Malone(descendent of founder) still has largest stake in the company despite it being corporate
"
436,Raw Sugar,Donda Mullis & Ronnie Shugar,Founder Family Owned,
437,Raz Baby,Aida and Lidia,Female Founder owned,Sisters founded in 2002
438,Red Barron,Schwan's Consumer Brands,CJ CheilJedang,"CJ CheilJedang is a South Korean international food, pharmaceutical, and biotechnology company..."
439,Red Bull,Mateschitz & Yoovidhya families,Family owned,I don't know what to make of this
440,Reese's,The Hershey Company,Megacorp,
441,Reeses Puffs,General Mills,Megacorp,
442,Rein,Coca-Cola,Megacorp,
443,Renpure,MAV ,Private equity/insider controlled corporation,
444,Revolution,Boohoo is largest shareholder,Corporation (maybe mega?),
445,Rhyme & Reason,SLG brands,Private Equity,Founded by Miles Dunkley
446,Rice Krispies,Kellogg's,Megacorp,
447,Ricitos de Oro,Grisi,Megacorporation,"Mystery Mexican megacorp. Big, opaque, hard to tell what they're up to. Doesn't seem great. Obviously just targetting Spanish speaking market"
448,Right Guard,Thriving Brands,Private Equity,Private Equity purchased in 2021 from Henkel
449,Ritz,Mondelez International,Megacorporation,
450,Rizos curls,Julissa Prado,Female Founder owned,
451,Roca,Brown & Haley,Family Owned,Fifth generation family owned since 1940's
452,Rockstar,Pepsico,Megacorp,
453,Rolo,The Hershey Company,Megacorp,
454,Roma,Bernatello's Foods,Ramsay Family,
455,Ruffles,PepsiCo,Megacorp,
456,Rumiano,Rumiano family,Family owned,
457,RW Knudsen,Smuckers,Megacorp,
458,Ryse,Noelle Deysel & Nic Stella,Founder owned,"Awesome guys, legit AF. Support them."
459,Sailor Boy,George Weston Limited,Private Equity,
460,Saltair,Iskra Laurence,Influencer founder owned- PE backed,
461,Santa Cruz Organic,Smuckers,Megacorp,
462,Sargento,Gentine family,Family owned,
463,Schmidt's,Unilever,Megacorp,
464,Scott,Kimberly-Clark,Megacorp,
465,Screamin Sicillian,Fallucca Family,Family owned,Gives a darn about mustaches. Hell yeah.
466,Sea Breeze,Shiseido,Megacorp,Based in Japan
467,Seattle's Best,Nestle,Megacorp,
468,Sebastian Professional,Coty- JAB holding company,Mega corporation,
469,Secret,Procter & Gamble,Megacorp,
470,Sensodyne,GSK + Pfizer,Megacorp,
471,Serenity,Serenity & Joe Carr,Family owned,
472,Sesmark,TH Foods Inc.,Privately owned,Ownership has passed around over the years. Used to be controlled by Mitsubishi
473,Sexy Hair,Henkel,Mega corporation,
474,SGX NYC,Tengram Capital Partners,Private Equity,
475,shea moisture,Unilever,Mega corporation,
476,Shea Moisture Baby,Unilever,Megacorporation,
477,Shredded Wheat,Post,Megacorp,
478,Sigdal,United Bakeries Group,Megacorporation,"Complex ownership structure. I think leads up to Agrofert, a European conglomerate."
479,Signature Select,Albertson's,Megacorporation,
480,Similac,Abbott Labs,Megacorporation,Involved in the same lawsuit about NEC
481,Simple,Unilever,Megacorp,
482,Simple Mills,Katlin Smith,Female Founder owned,Started this company in her early twenties.
483,Simple Truth,Kroger,Mega Corporation,
484,Skittles,Mars,Megacorp,
485,Sky Organics,Dean & Steven Neiger,Founder led,Private equity backed by Nexus Capital Management. Unclear what ownership stake they took.
486,Smart Bran,Nature's Path,Founder Family Owned,
487,Smart Start,Kellogg's,Megacorp,
488,Smartfood Popcorn,PepsiCo,Megacorp,
489,Smarties,The Dee Family,Family owned,Run by the three granddaughters of the founder. So cool!
490,Smartwater,Coca-cola,Megacorp,
491,Snickers,Mars,Megacorp,
492,Snoop Cereal,Post,Megacorp,
493,Snyder's Pretzels,Campbells Soup,Megacorp,
494,Sonoma Creamery,Atalanta Corporation,Megacorporation,"Technically a private company, but its a big ole monster."
495,South of the Border Chips,Utz Brands,Megacorp,
496,Sparkle,Koch Industries,Megacorp,The Koch family megacorp- this is through their ownership of Georgia Pacific LLC
497,Special K,Kellogg's,Megacorp,
498,Speed Stick,Colgate-Palmolive,Megacorp,
499,Sprout Organics,Neptune Wellness Solutions,Megacorp,
500,Sriracha,Huy Fong Foods,Family owned,Tran family owned. Cool origin story
501,St Ives,Unilever,Megacorp,
502,Starbucks,Starbucks,Megacorp,
503,Stay Free,Energizer,Megacorp,
504,Steinfelds,Treehouse Foods,Megacorporation,Via Bay Valley Foods
505,Stouffer's,Nestle,Megacorp,
506,Stub's BBQ,McCormick,Megacorp,
507,Suave,Unilever,Mega corporation,
508,Sun Bum,SC Johnson & co,Mega corporation,
509,Sun Chips,PepsiCo,Megacorp,
510,Sunkist,Co-op,Farmer's Co-op,
511,Sweet Baby Ray's,Ken's Foods,Family owned,
512,Sweet Dreams,Post,Megacorp,
513,Sweet Home Farm,Post,Megacorp,
514,Tabasco,,Family owned,
515,Takis,Grupo Bimbo,Megacorp,
516,Talenti,Unilever,Megacorp,
517,Tampax,Procter & Gamble,Megacorp,
518,Tazo,CVC Capital Partners,Private Equity,Bought from Unilever in 2022
519,Teavana,Starbucks,Megacorp,
520,Tetley,Tata consumer products,Megacorp,"Largest tea company in the UK and Canada, second largest in US"
521,TGIN,Chris-Tia Donaldson,Female Founder owned,
522,The Doux,Maya Smith,Female Founder owned,
523,The FLEX Company,Lauren Scholte Wang,Female Founder owned,"Disks, cups, etc."
524,The Honey Pot Company,Beatrice Dixon,Female Founder and Family Owned,There was controversy over an ingredient change. The company was not sold or taken over
525,The Silver Palate,Peter Harris,Privately owned,Peter Harris purchased from the founders. He did not found it.
526,Theo,American Licorice Company,Privately owned,"In the process of merging with ALC as of mid 2023. ALC is technically family owned, but as they are a bigger conglomerate- I have marked Theo as now privately owned."
527,This is L.,Procter & Gamble,Megacorp,
528,Tillamook,Co-op,Farmer's Co-op,
529,Tim Horton's,Restaurant Brands International,Megacorp,"Also own Burger King, Popeyes and Firehouse Subs."
530,Tim's Chips,Utz Brands,Megacorp,
531,Tiny Organics,"Sofia Laurell, Betsy Fore, Carolyn O'hare",Female Founder owned,Big on subscription model
532,Tom's of Maine,Colgate-Palmolive,Megacorp,
533,Tombstone,Nestle,Megacorp,
534,Toms of Maine,Colgate Palmolive,Megacorp,
535,Tony's,Schwan's Consumer Brands,CJ CheilJedang,"CJ CheilJedang is a South Korean international food, pharmaceutical, and biotechnology company..."
536,Tony's Chocolonely,Henk Jan Beltman,Founder owned,"Minority stakes taken by Verlinvest and JamJar, both private equity partners."
537,Tootsie Roll,Tootsie Roll Industries,Megacorp,Ellen R. Gordon (no relation to founder) is CEO and largest shareholder with about 40% of shares. She's a billionaire off of this 
538,Tostitos,PepsiCo,Megacorp,
539,Total,General Mills,Megacorp,
540,Totinos,General Mills,Megacorp,
541,Town House,Kellanova,Megacorporation,
542,TPH,Taraji P Henson,Female Founder owned,
543,Traditional Medicinals,Sadler Family,Family owned,
544,Tree Top,Co-op,Farmer's Co-op,
545,TreSemme,Unilever,Mega corporation,
546,Triscuit,Mondelez International,Megacorporation,
547,Trix,General Mills,Megacorp,
548,Truleaf Tea,Pepsico,Megacorp,
549,Tully's Coffee,JAB Holding Company,Megacorp,Owned via Keurig Dr. Pepper
550,Twice Oral Wellness,Lenny Kravitz & Julian & Cody Levine,Founder owned,
551,Twinnings,Associated British Foods,Megacorp,
552,Twix,Mars,Megacorp,
553,U by Kotex,Kimberly-Clark,Megacorp,
554,Umpqua,Feldkamp family,Family owned,
555,Uncle Funky's Daughter,Renee Morris,Female bought and owned!,Homegirl literally just bought the company outright with her own pocket money.
556,Uncle Sam,Post,Megacorp,
557,Unique Snacks,Unique Snacks,Family Owned,
558,Unreal,The Bronner Family,Family owned,Apparently started by two teenaged brothers and their father... so... by their father using them as a backstory??? haha... idk.
559,Urban Hydration,Psyche Terry,Female Founder owned,
560,V8,Campbell's Soup,Megacorp,
561,Vaseline,Unilever,Megacorporation,
562,Vega,WM Partners,Private Equity,Was founded by Danone- sold in 2021 to WM
563,Vicks,Procter & Gamble and Helen of Troy,Mega Corporation,
564,Vinta,Dare foods,Family owned,I guess Dare is a family owned conglomerate at this point.
565,Vita Coco,sketchy,complicated,I think they're in the process of getting bought out by Anheuser Busch
566,Vitafusion,Church & Dwight,Mega Corporation,
567,Viva,Kimberly-Clark,Megacorp,
568,Viviscal,Church & Dwight,Mega corporation,
569,Vlasic,Conagra Brands,Megacorporation,
570,Waffle Crisp,Post,Megacorp,
571,Walden's Farms dressing,HKW,Private Equity,
572,Wasa,Barilla,Megacorporation,
573,Weetabix,Post,Megacorp,
574,Welch's,Co-op,Farmer's Co-op,
575,Wheeties,General Mills,Megacorp,
576,Wicked BOLD chocolate ,Deric Cahill & Brooklynn Cahill,Family founder owned!,"Follow this affiliate link to purcahse directly from this family owned brand and support my channel at the same time! Use the coupon code cancelthisclothingcompany for 10% off your order as well! Everybody wins. Supporting small businesses and my channel through these affiliate links means a lot to me and the family owned businesses I promote, so thank you for your support. "
577,Wild Mikes,Piazza family,Family owned,Has a children's charity foundation similar to Newman's Own
578,Wishbone,Unilever,Megacorp,
579,Would,David Portnoy,Founder owned,"This one's weird. Would is owned by Barstool Brands (like Barstool sports) and Potnoy apparently sold it to Penn entertainment, and then they have sold it back to Portnoy as of 2023 I believe..."
580,Xtend,Doss Cunningham with megacorp backing,Megacorp backed,Owned by Nutrabolt
581,Yerbae,Juste went public,Megacorp,Likely going to get short sold and crushed and then bought out by a big competitor for pennies on the dollar if you ask me
582,Yogi,"Drew Sutherland, David Cooper, and Glenn Baginski",Founder owned,Owned via East West Tea Company
583,York Peppermint,The Hershey Company,,
584,Yuban,Kraft Heinz,Megacorp,
585,Yumi,Angela Sutherland & Evelyn Rusli,Female Founder owned,
586,Zarbees,Johnson & Johnson,Megacorporation,Owned by Kenvue whic is owned by J&J
587,Zesta,Kellanova,Megacorporation,