Owner,Brand,Ownership Type,Notes
Aurobindo Pharma USA inc.,Natrol,Mega Corporation,
Bayer,One A Day,Mega Corporation,
Brad Pyatt,Plant Fuel,Founder owned-mega corp backed,Has an equity partnership with GNC
Church & Dwight,Vitafusion,Mega Corporation,
Clifford Morgan,G Fuel,Founder owned,"Some controversy worth looking into. This brand was targetting e-sports from the start, not athletics"
Congo Brands,Prime,Private Equity,Founded via Congo Brands by Logan Paul and KSI- YouTube celebrities. Judge the brand accordingly.
Dan Lourenco & Ryan Hughes,Ghost,"Megacorporate-backed, founder owned",Entered into a big deal with Anheuser-Busche Inbev back in 2020 when they launched the energy drinks
Doss Cunningham with megacorp backing,C4,Megacorp backed,"Doss Cunningham is primary owner, CEO and board chair, but Keurig-Dr Pepper purchased a 30% stake in the company."
Doss Cunningham with megacorp backing,Xtend,Megacorp backed,Owned by Nutrabolt
Glanbia Plc,Optimum Nutrition (ON),Megacorp,At least the top shareholders aren't Blackrock and Vanguard
Glanbia Plc,Bio-engineered Supplements & Nutrition (BSN),Megacorp,At least the top shareholders aren't Blackrock and Vanguard
Glanbia Plc,IsoPure,Megacorp,At least the top shareholders aren't Blackrock and Vanguard
Haleon,Centrum,Mega Corporation,Previously owned by Pfizer and GSK
Harbin Pharmaceutical,GNC,Megacorp,The biggest pharma company in China- mostly state owned.
Harbin Pharmaceutical,Beyond Raw,Megacorp,This is just a GNC brand. See notes on GNC.
Jeff & Ryan Gardner,Bucked Up,Founder family owned,"Founded by twin brothers. These guys are social media marketers, not nutritionists, but hey. They're not the CCP."
Jim Stoppani,Jym,Founder owned,"Dude is a Dr. and is yoked, and has A+ mission statements."
Kroger,Simple Truth,Mega Corporation,
Lion Equity Partners,Country Life,Private Equity,
"Mat Fraser, Heber Cannon and Marston Sawyers (aka the “Buttery Bros”), Paul Haverland",Podium,Founder owned,"Mat Fraser is an effing legend, whether you love or hate crossfit, I dare you to hate Mat. This company was founded out of crossfit- with crossfit style training in mind (IE all around fitness)"
Michael Bischoff Jr.,Glaxon,Founder owned,"Partnered with GNC for distribution, does not appear to affect ownership."
Michael Bitensky,Goli Nutrition,Founder owned,
Michael McClane,Kaged,Founder owned I think?,One of the founders left on this message in 2023. Some controversy... it's a little unclear how the ownership structure changed. It doesn't appear to have been bought out?
Nestle,Nature's Bounty,Mega Corporation,
Nestle,Garden of Life,Mega Corporation,
Otsuka Pharmaceutical Co.,Nature Made,Mega Corporation,
Pfizer,Emergen-C,Mega Corporation,
Post Holdings Inc,Dymatize,Megacorp,You know... the cereal company...
Procter & Gamble and Helen of Troy,Vicks,Mega Corporation,
Randy Buresh and Pam Martin-Buresh,Oregon's Wild Harvest,Family Owned,
Schwabe Group,Nature's Way,Mega Corporation,
Unilever,Olly Nutrition,Mega Corporation,
Unilever,Liquid IV,Megacorp,Acquired in 2020 for an undisclosed amount
WM Partners,Vega,Private Equity,Was founded by Danone- sold in 2021 to WM
Xiwang Foodstuffs,Muscletech,Megacorp,"Owned via Iovate Health Sciences International which is owned by Xiwang, a Chinese mega corp focussed on seed oils for the most part."
Unilever,7th Generation,Megacorp,But they sure looked natural...
Church & Dwight,AIM,Megacorp,
Hain Celestial Group,Alba Botanicals,Megacorp,
Koch Industries,Angel Soft,Megacorp,The Koch family megacorp- this is through their ownership of Georgia Pacific LLC
GSK,Aquafresh,Megacorp,
Maxingvest AG,Aquaphor,Megacorporation,Owned by Biersedorf which is controled by Maxingvest AG which is a circular ownership scheme of the Herz family worth about $8 billion
Britta Cox and Suveen Sahib,Aquis,Female founder owned and her husband,
Church & Dwight,Arm & Hammer,Megacorp,
Dr. Ali Syed,As I am,Founder owned,
Jean-Francois Bernier,Attitude,Privately owned,He bought the company when it was teeny tiny and grew it. Apparently not private equity backed...
Nadya Okamoto & Nick Jain,August,Founder Owned,
House of Cheatham,Aunt Jackies,Private corporation,Seems super sketchy
Procter & Gamble,Aussie,Mega corporation,
Johnson & Johnson,Aveeno,Megacorp,"As of July 2023, they plan to spin off Kenvue as a seperate company."
Johnson & Johnson,Aveeno Baby,Megacorporation,Owned by Kenvue whic is owned by J&J
Unilever,Axe,Megacorp,
Unilever,Axe,Mega corporation,
Patrick K Roman,Aztec Secret,Founder owned,
Unilever,Baby Dove,Megacorporation,
Church & Dwight,Batiste,Mega corporation,
Unilever via Toni & Guy,Bed Head,Mega corporation,
Main Post Partners,Best Damn,Private Equity,This is just a Duke Cannon brand
Kao Corporation,Biore,Megacorp,Based in Tokyo
Eleeo Brands,Boogie Wipes,Private Equity,Feels like classic soulless private equity and they've been passed around between private equity companies since 2012
Prestige Consumer Healthcare Inc,Boudrewaux's butt paste,Megacorporation,Owned by Fleet Laboratories which is owned by Prestige Consumer Healthcare
Procter & Gamble,Bounty,Megacorp,
Koch Industries,Brawny,Megacorp,The Koch family megacorp- this is through their ownership of Georgia Pacific LLC
Clorox,Burt's Bees,Megacorp,
Clorox,Burts Bees,Megacorp,
Clorox,Burts Bees,Megacorporation,
Boiron,Camilia,Megacorporation,Based in France and traded on the French exchange. Majority owned by the Boiron family
Janelle Evans,Camille Rose,Female founder owned,
PDC brands,Cantu,Private equity owned,
Johnson & Johnson,Carefree liners,Megacorp,
L'oreal,Carol's daughter,Mega corporation,Bettencourt family & Nestle control majority stakes
L'Oreal,CeraVe,Megacorp,L'Oreal is majority owned by the investment arm of the Bettencourt-Meyers family alongside Nestle.
"Clarion Brands, LLC",Certain Dri,Private equity,"Clarion is owned by Bridges Consumer Healthcare, LLC, which is owned by Charlesbank Capital Partners, IE private equity"
Galderma- Owned by EQT + Abu Dhabi Investment Authority (ADIA),Cetaphil,Megacorp,"Originally developed by L'Oreal- then sold to Nestle, then sold to consortium of institutional investors EQT+ADIA"
Procter & Gamble,Charmin,Megacorp,
Farouk Shami,CHI,uhhh.... founder big money owned?...,
Johnson & Johnson,Clean & Clear,Megacorp,
Rachel Peters,Clean Age,Female Founder Owned,Founded by Rachel Peters- kinda cookie cutter website...
Simon Ostler,Clima plex,Founder owned I think,
Unilever,Close-Up,Megacorp,
SLG brands,COLAB,Private equity founded,Founded by Miles Dunkley
Colgate Palmolive,Colgate,Megacorp,
Molly Haward,Cora,Female Founder Owned,
Kimberly-Clark,Cottonelle,Megacorp,
Procter & Gamble,Crest,Megacorp,
Private Equity,Crystal,Private equity,"French Transit, LLC owned by Juggernaut Capital Partners"
Mahisha Dellinger,Curls,Female founder owned,
Unilever,Degree,Megacorp,
Topix Pharmaceuticals,Derma E,Private Equity,Acquired in 2018
Johnson & Johnson,Desitin,Megacorporation,
Galderma- Owned by EQT + Abu Dhabi Investment Authority (ADIA),Differin,Megacorp,
Unilever,Dove,Megacorp,
Unilever,Dove,Mega corporation,
Bronner's family,Dr. Bronner's,Family owned,Checkout the wikipedia page for a fun read
Gary Taneja,Dr. Natural,Privately owned,Gary Taneja bought the company in 2009
Jack Haldrop,Dr. Squatch,Founder owned- private equity backed,Backed by Harlan Capital (and possibly others?)
Jack Haldrup,Dr. Squatch,Founder owned,
Main Post Partners,Duke Cannon,Private Equity,
Nobody knows,Ecoco inc,Effing mystery,
Minesh Patel,Eczema Honey,Founder owned,
LordPharaoh ImHotepAmonRa,Egyptian Magic,Founder owned,This is not a joke... this is for real.
Walmart,Equate Beauty,Megacorp,
Bansk Group,Eva NYC,Private Equity,
Private Equity,Everyman Jack,Private equity,"The Carlyle Group- super sketchy, look them up"
Risa Barash,Fairy Tales Haircare,Female founder owned,Have sponsored this channel and are awesome! Highly recommended for kids and adults.
PT Sinar Mas Group (Eka Tjipta Widjaja & Family),Fiora,Megacorp,Technically family owned- but this is a megacorp for all intents and purposes
Matel,Fisher Price,Megacorporation,
Hutcherson Family,Freshwater,Family owned,Based in Australia
Zahir Dossa,Function of beauty,Founder owned,
L'oreal,Garnier,Mega corporation,
L'Oreal,Garnier,Megacorp,
Procter & Gamble,Gillete,Megacorp,
Kimberly-Clark,Goodnites,Megacorporation,Formerly Pull Ups Goodnites
Procter & Gamble,Hair Biology,Mega corporation,
Inspired Beauty Brands,Hask,Private Equity,
Procter & Gamble,Head & Shoulders,Mega corporation,
Colgate-Palmolive,Hello Products,Megacorp,
Colgate Palmolive,Hello Products,Megacorp,
Procter & Gamble,Herbal Essences,Mega corporation,
HGGC,Heritage Store,Private Equity,Owned by Neutraceutical which was acquired by HGGC
Church & Dwight,Hero,Megacorp,
Hims & Hers Health Inc.,hers,Megacorp,
Mezzanine capital Maven Hill Capital,hollywood beauty,Private equity owned,
Kimberly-Clark,Huggies,Megacorporation,
Jeff Shardell,Humble,Founder Owned,"Jeff Shardell- super transparent on website, super natural"
Standard Homeopathic Co,Hyland's naturals,Private Equity?,"uhhhhh... maybe read this if you're using their teething tablets... Or any of their products. Very opaque, seems sketchy."
Carolyn Aronson,It's a 10,Female founder owned,
Hain Celestial Group,Jason,Megacorp,
John Freida,John Freida,Founder owned,
Johnson & Johnson,Johnsons,Megacorporation,
Capetown Toiletry company,Jozi curls,Mystery money,Super fuckin sketchy
Nehemia Manufacturing,Kandoo Kids,Private Equity?,Maybe just go see for yourself? Probably better than J&J
Henkel,Kenra,Mega corporation,
Shelley Davis,Kinky Curly,Female founder owned,
Kimberly-Clark,Kleenex,Megacorp,
Kimberly-Clark,Kotex,Megacorp,
L'Oreal,L'Oreal,Megacorp,
L'Oreal,La Roche Posay,Megacorp,
Ben & Jade Bower,Life Doesn't Stink (Stinkbug Naturals),Founder Owned,
Prestige Consumer Healthcare Inc,Little remedies,Megacorporation,
Alex Friedman & Jordana Kier,Lola,Female Founder Owned,
Johnson & Johnson,Lubriderm,Megacorp,
Harry's,Lume,Private equity,"Lume was Harry's first acquisition- Harry's is still controlled by the founders, but they seem to be trying to become mega corporate. Tried to sell out to Edgewell in 2021 but were blocked by the FTC"
Procter & Gamble,Luvs,Megacorporation,
Jane May Graves,Luxe Beauty,Female Founder Owned,"Jane is a chemist and a certified bad ass. One of the highest integrity companies I've found when it comes to natural, non-toxic ingredients. She avoids cheap oils in her products and packages in glass to avoid plastic exposure. Next level. Check out the blog on her website for a bunch of deep dives on the beauty industry and products."
Oliver Zak & Selom Agbitor,Mad Rabbit,Founder owned,"Tattoo specific natural skincare, but lots of great products for general skin wellness"
Katzev family,Mane 'n Tail,Family owned,Have a hillarious TikTok account- great for animals and for humans
MAV,Marc Anthony,Private equity/insider controlled corporation,
Johnson & Johnson,Maui Moisture,Mega corporation,
S.C. Johnson & Son,Method Products,Private equity,Private Company 6th richest family in America
Revlon- Ronald Perelman,Michum,Private equity,Skeezy billionaire with lots of questionable connections
Procter & Gamble,Mielle,Mega corporation,
Miko Branch,Miss Jessie's,Female founder owned,Bad Ass. RIP to Titi <3
Zuru Edge,Monday,Private big money... do your own research,CEO Jaimee Lupton is partner of Zuru founder
Eugenia Akuete,Mother's Shea,Founder owned,
Sue Ismiel,Nad's,Founder owned,
GSK,Natean,Megacorp,
Procter & Gamble,Native,Megacorp,
Procter & Gamble,Native,Mega corporation,
Susie Hewson,Natracare,Female Founder Owned,Since 1989! the GOAT
Johnson & Johnson,Neutrogena,Megacorp,
Bethany and Rocky Pagliarulo,Not your mothers,Founder family owned,
Value Max Products,Nudy Rudy,Private Equity,Classic attempt at hiding the parent company from you because it's kinda sus...
Edgewell Personal Care,OB Tampons,Megacorp,
"Shannon, Britta, Lindsay",Odele,Female founder owned,
Bani Bahari & Jonathan Lawrence,Off Court,Family owned,Founders are married. Company is minority owned and backed by private equity Cartograph Ventures and Intonation Ventures
Johnson & Johnson,OGX,Mega corporation,
Jordan Morrow & Worth Anne Herrell,Oilogic,Female founder owned,
Advent International,Olaplex,Private Equity,
Procter & Gamble,Olay,Megacorp,
Procter & Gamble,Old Spice,Megacorp,
Procter & Gamble,Old Spice,Mega corporation,
Church & Dwight,Orajel,Megacorporation,
David Sandoval,Organic By Nature,Founder owned,Not to be confused with the copious other similarly named brands
Brook Harvey Taylor and husband,Pacifica,Female founder owned,
Procter & Gamble,Pampers,Megacorporation,
Procter & Gamble,Pantene,Mega corporation,
Haleon,Perodontax,Megacorp,
Procter & Gamble,Pert Plus,Mega corporation,
Edgewell Personal Care,Playtex,Megacorp,
Unilever,Ponds,Megacorp,
Procter & Gamble,Puffs,Megacorp,
Kimberly-Clark,Pull Ups,Megacorporation,These are just Huggies with a different packaging
Branded Group,Puracy,Private equity,
JM brands,Pure Zero,Private Equity,
Koch Industries,Quilted Northern,Megacorp,The Koch family megacorp- this is through their ownership of Georgia Pacific LLC
,Rael,Female Founder Owned,Three Kool Korean-American ladies. Legit.
Donda Mullis & Ronnie Shugar,Raw Sugar,Founder Family Owned,
Ronnie Shugar & Donda Mullis,Raw Sugar,Founder owned,
Aida and Lidia,Raz Baby,Female founder owned,Sisters founded in 2002
MAV,Renpure,Private equity/insider controlled corporation,
Boohoo is largest shareholder,Revolution,Corporation (maybe mega?),
SLG brands,Rhyme & Reason,Private equity founded,Founded by Miles Dunkley
Grisi,Ricitos de Oro,Megacorporation,"Mystery Mexican megacorp. Big, opaque, hard to tell what they're up to. Doesn't seem great. Obviously just targetting Spanish speaking market"
Thriving Brands,Right Guard,Private equity,Private Equity purchased in 2021 from Henkel
Julissa Prado,Rizos curls,Female founder owned,
Iskra Laurence,Saltair,Influencer founder owned- PE backed,
Unilever,Schmidt's,Megacorp,
Kimberly-Clark,Scott,Megacorp,
Shiseido,Sea Breeze,Megacorp,Based in Japan
Coty- JAB holding company,Sebastian Professional,Mega corporation,
Procter & Gamble,Secret,Megacorp,
GSK + Pfizer,Sensodyne,Megacorp,
Henkel,Sexy Hair,Mega corporation,
Tengram Capital Partners,SGX NYC,Private Equity,
Unilever,shea moisture,Mega corporation,
Unilever,Shea Moisture,Megacorp,
Unilever,Shea Moisture Baby,Megacorporation,
Unilever,Simple,Megacorp,
Dean & Steven Neiger,Sky Organics,Founder led,Private equity backed by Nexus Capital Management. Unclear what ownership stake they took.
Koch Industries,Sparkle,Megacorp,The Koch family megacorp- this is through their ownership of Georgia Pacific LLC
Colgate-Palmolive,Speed Stick,Megacorp,
Unilever,St Ives,Megacorp,
Energizer,Stay Free,Megacorp,
Unilever,Suave,Mega corporation,
SC Johnson & co,Sun Bum,Mega corporation,
Procter & Gamble,Tampax,Megacorp,
Chris-Tia Donaldson,TGIN,Female founder owned,
Maya Smith,The Doux,Female founder owned,
Lauren Scholte Wang,The FLEX Company,Female Founder Owned,"Disks, cups, etc."
Beatrice Dixon,The Honey Pot Company,Female Founder and Family Owned,There was controversy over an ingredient change. The company was not sold or taken over
Procter & Gamble,This is L.,Megacorp,
Colgate-Palmolive,Tom's of Maine,Megacorp,
Colgate Palmolive,Toms of Maine,Megacorp,
Taraji P Henson,TPH,Female founder owned,
Unilever,TreSemme,Mega corporation,
Lenny Kravitz & Julian & Cody Levine,Twice Oral Wellness,Founder owned,
Kimberly-Clark,U by Kotex,Megacorp,
Renee Morris,Uncle Funky's Daughter,Female bought and owned!,Homegirl literally just bought the company outright with her own pocket money.
Psyche Terry,Urban Hydration,Female founder owned,
Unilever,Vaseline,Megacorporation,
Kimberly-Clark,Viva,Megacorp,
Church & Dwight,Viviscal,Mega corporation,
David Portnoy,Would,Founder owned,"This one's weird. Would is owned by Barstool Brands (like Barstool sports) and Potnoy apparently sold it to Penn entertainment, and then they have sold it back to Portnoy as of 2023 I believe..."
Johnson & Johnson,Zarbees,Megacorporation,Owned by Kenvue whic is owned by J&J
Mars,3 Musketeers,Megacorp,
Kraft-Heinz,A1 Steak sauce,Megacorp,
Congo Brands,Alani Nu,Founder owned/Private equity backed,
Alessi family,Alessi,Family owned,Third generation.
Harris family,All American Crackers,Family owned,"Based in Seattle, second generation"
Kellogg's,All-bran,Megacorp,
The Hershey Company,Almond Joy,Megacorp,
Post,Alpen Muesli,Megacorp,
Next World Evergreen,Alter Eco,Private Equity,Acquired in 2017
Jess Sturzenegger,Amara,Female founder owned,
Nature's Path,Amazon Flakes,Founder Family Owned,
General Mills,Annie's homegrown,Megacorp,
General Mills,Annies Organic Cocoa Bunnies,Megacorp,Annie's Homegrown is owned by General Mills
Kellogg's,Apple Jacks,Megacorp,
Don Voltagio,Arizona Iced Tea,Founder owned,His story is funny and pretty wild if you wanna look into it.
General Mills,Auntie Annie's,Megacorporation,
Jennifer Carlson and Jill Vos,Baby gourmet,Female founder owned,
Unibel,Babybel,Megacorp (French),
Barilla,Back to Nature,Megacorporation,
Monster Beverage Corp,Bang,Megacorp,Went through bankruptcy in 2023 and got bought
Post,Barbara's,Megacorp,
The Hershey Company,Bark Thins,Megacorp,
General Mills,Basic 4,Megacorp,
Inspire Brands,Baskin Robbins,Private Equity,Fuq these guys
Oetker Group,Beach Nut,Family megacorp,
Kellogg's,Bear Naked Granola,Megacorp,
Beaverton Foods,Beaver mustard,Family owned,
Bernatello's Foods,Bellatoria,Ramsay Family,
Unilever,Ben & Jerry's,Megacorp,I don't write the rules here guys.
Conagra Brands,Bernstein's dressing,Megacorp,
Mizkan Group,Bertolli,Mega Corporation,Based in Japan
Unilever,Best foods mayo,Megacorp,
Post,Better Oats,Megacorp,
Tim McCollum,Beyond Good,Founder owned,
Bigelow Family,Bigelow,Family owned,Third generation now. Cindi Bigelow is current CEO & president
Evan Hafer,Black Rifle Coffee Co.,Founder owned,Veteran owned. Hafer was a green beret for 15 years.
Farmer's co-op,Blue Diamond,Co-op,"Almond farmers in California, since 1910."
Laura Modi & Sarah Hardy,Bobbie,Female founder owned,"Legit as hell. New company, full of energy and advocacy. Check them out."
Coca-cola,Body Armor,Megacorp,
Charlie Investors,Bouchard,Private Equity,Bouchard was bought by Halloren which is controlled by Charlie Investors which is primarily controlled by two German families is what it seems like.
Daniel Giraudo,Boudin Sourdoug,Family owned,"Founded in 1849, it's the oldest continually running business in San Francisco. In 1941 it was bought by Steven Giraudo who worked there. Then it was sold around several times before being repurchased by Steven grandson Daniel in 2002."
Post,Bran Flakes,Megacorp,
Dare foods,Breton,Family owned,Canadian family owned since 1889
Unilever,Breyer's,Megacorp,
La Costena,Brianna's dressing,Megacorp,
Ferrero Group,Butterfinger,Family owned,
Nutrabolt,C4,Private Equity,Also getting a lot of money from Keurig-Dr. Pepper
Cardenas family,Cacique,Family owned,
J. M. Smucker,Cafe Bustelo,Megacorp,
Gruma Corp.,Calidad,Megacorp,
Nestle,California Pizza Kitchen,Megacorp,
King juice company,Calypso Lemonade,Private Equity,
PepsiCo,Cap'n Crunch,Megacorp,
Pladis Global,Carrs,Megacorporation,
Mike Broadwell & Mark Christensen,Cascade Ice,Founder owned,Owned via Unique Beverage Company
Catalina Crunch,Catalina Crunch Cereals,Founder Owned,
Gail Becker,Caulipower,Founder owned,Gail has two sons with celiac disease
Celcius holdings,Celcius,Megacorp,
Hain Celestial Group,Celestial Seasonings,Megacorp,
Dr. Teresa Pursner & Nick Langan,Cerebelly,Female founder owned,"Dr. Pursner is a practicing neurosurgeon, PhD in developmental neurobiology from Stanford and mom of three."
Pergola family,Cheddies,Family owned PE backed,Unclear how much private equity is involved. They've recieved at least $800k plus in PE backing
General Mills,Cheerios,Megacorp,
PepsiCo,Cheetos,Megacorp,
Kellanova,Cheez Its,Megacorporation,"So, apparently last year Kellogg's split into two companies, Kellanova owns a lot of the extra brands they had. Kellogg's, I believe has the cereals..."
General Mills,Chex,Megacorp,
Nabisco,Chicken in a Biscuit,Megacorporation,
Kevin Buck,Chocolate Necesities,Founder owned,My hometown chocolatiers!
Timothy Moley,Chocolove,Founder owned,
Butterfly Equity,Chosen Foods,Private equity,
General Mills,Cinnamon Toast Crunch,Megacorp,
JAB holding company,Clamato,Megacorp,
Kraft-Heinz,Classico,Mega Corporation,Majority owned by Warren Buffet
Kellanova,Club,Megacorporation,
Post,Coco Wheats,Megacorp,
General Mills,Cocoa Puffs,Megacorp,
General Mills,Cookie Crisp,Megacorp,
Kellogg's,Corn Flakes,Megacorp,
Kellogg's,Corn Pops,Megacorp,
Kellogg's,Cracklin' Oat Bran,Megacorp,
C. Cretors & Co,Cretor's Popcorn,Family Owned,
Kellogg's,Crispix,Megacorp,
Nature's Path,Crispy Rice,Founder Family Owned,
Anheuser Busch,Crystal Ice,Megacorp,
Michael Brown,Death Wish Coffe Co.,Founder owned,Apparently this coffee is like 4x as strong as regular coffee because of bean selection and special roasting techniques...
Nestle,Digiorno,Megacorp,
Post,Disney100,Megacorp,
,Dole,Megacorp,
JAB Holding Company,Donut Shop Coffee,Megacorp,Owned via Keurig-Dr. Pepper which is 78% owned by JAB
PepsiCo,Doritos,Megacorp,
Hershey's,Dot's Pretzels,Megacorp,
Mars,Dove,Megacorp,
Nestle,Dreyer's,Megacorp,
Inspire Brands,Dunkin Donuts,Private Equity,
Inspire Brands,Dunkin',Private Equity,"One of the giant PE conglomerates destroying the food service space. They also own Arby's, Sonic, Buffalo Wild Wings, Baskin Robbins, and Rusty Taco."
The Hain Celestial Group,Earth's Best,Megacorp,Have been caught with high levels of toxic heavy metals in their baby food
Joel Dee,Edward & Sons,Family owned,Dude started a whole trading company. Seems like a pretty cool old hippy.
Tata Group,Eight O'Clock Coffee,Megacorp,India's largest conglomorate. $150 billion in revenue last year.
Wayne Zink & Randy Deer,Endangered Species Chocolate,Privately owned,"Super weird, sketchy acquisition where they seem to have stollen the company from the owner after an investment deal went south. The founder then sued for $18 million and they have clearly tried very hard to erase all memory of it from the internet. The only source I could find is here. Bottom line- I spent like half an hour just trying to find out who owns them and that sketches me out and I don't like them..."
Reckitt Benckiser Group,Enfamil,Megacorporation,More than 200 lawsuits pending...
Employee owned,Equal Exchange,Employee owned Co-op,"This seems like it could be pretty sketchy... but a lot more digging would be required to uncover that. Company HQ is in the states, but all the workers and farmers are in third world countries..."
Erin Baker's,Erin Baker's,Founder Family Owned,
Food For Life,Ezekiel 4:9 Cereal,Founder Family Owned,
MTY franchising,Famous Dave's,Private equity,
MTY Food Group,Famous Daves,Megacorporation,Fidelity pickles
Post,Farina Mills,Megacorp,
Ferrero Group,Ferrero,Family owned,"Owned by the Ferrero Family, super secretive and mysterious apparnetly... spooky..."
Ferrero Group,Ferrero,Family owned (ish?),"Owned by the Ferrero Family, super secretive and mysterious apparnetly... spooky..."
General Mills,Fiber One,Megacorp,
Bright Food,Filippo Berio,Mega Corporation,Second largest China based food company
J. M. Smucker,Folgers,Megacorp,
Forager Project,Forager Project Cereals,Founder Owned,Danone has purchased a minority stake in the company
McCormick,Frank's Red Hot,Megacorp,
McCormick,French's,Megacorp,
Schwan's Consumer Brands,Freschetta,CJ CheilJedang,"CJ CheilJedang is a South Korean international food, pharmaceutical, and biotechnology company..."
Saputo family,Frigo,Family owned,"One of the largest producers of ""extended shelf life dairy products"" in the world. (IE this shit aint cheese, even if it is family owned.)"
PepsiCo,Fritos,Megacorp,
Aaron Greenwald & Private Equity,From the Groud Up,Private equity,PE firm Halen Brands seems too involved to call this founder owned. Plus they are acquiring tons of other niche snack brands like greedy little private equity bees.
Kellogg's,Froot Loops,Megacorp,
Kellogg's,Frosted Flakes,Megacorp,
Kellogg's,Frosted Mini Wheats,Megacorp,
Nature's Path,Fruit Juice Sweetened Corn Flakes,Founder Family Owned,
Lactalis,Galbani,Megacorp (French),
Pepsico,Gatorade,Megacorp,
Nestle,Gerber,Megacorp,
Gerber,Gerber Good Start,Megacorporation,"Heavy metals in their baby food, and in their infant formula- though the judge dismissed the case because plaintiffs didn't prove 'financial harm' ... uhhh.... Here is the original government report"
Kraft Heinz,Gevalia,Megacorp,
Chocoladefabriken Lindt & Sprüngli AG,Ghiradelli,Megacorp,Owned by Lindt
Founders backed by Anheuser Busch,Ghost,complicated,Hard to say what's going on here
HACO,Girard's dressing,Private equity,
Retail food group,Gloria Jean's Coffees,Megacorp,Australian based owned by a bunch of big AUS money
Tyson Foods,Glutino,Megacorp,
Tyson Foods,Glutino,Megacorporation,
Coca-cola,Gold Leaf Tea,Megacorp,
Post,Golden Crisp,Megacorp,
General Mills,Golden Grahams,Megacorp,
Campbell's Soup Company,Goldfish,Megacorporation,Pepperidge Farm remembers
Mondelez International,Good Thins,Megacorporation,
Nature's Path,Gorilla Munch,Founder Family Owned,
Post,Grape-Nuts,Megacorp,
Post,Great Grains,Megacorp,
Walmart,Great Value,Megacorp,
Unique Beverage Co,Green Dragon,Founder owned,Same company that makes cascade ice
JAB Holding Company,Green Mountain Coffee Roasters,Megacorp,
Kraft-Heinz,Grey Pupon,Megacorp,
,Guayaki,B-corp,Sends lots of money to rainforest rehab
General Mills,Haggen Das,Megacorp,
Danone,Happy Baby,Megacorp,
Utz Brands,Hawaiian Brand Chips,Megacorp,
JAB holding company,Hawaiian Punch,Megacorp,
Lauren Culbreth,Healthy Teas,Founder owned,
The Hershey Company,Heath,,
Kraft-Heinz,Heinz,Megacorp,
Nature's Path,Heritage Flakes,Founder Family Owned,
Nature's Path,Heritage O's,Founder Family Owned,
The Hershey Company,Hershey's,Megacorp,
The Hershey Company,Hershey's Kisses,Megacorp,
David Smith,Hi-Brew Coffee,Founder owned,
Clorox,Hidden Valley,Megacorp,
High Key Snacks,High Key Cereals,Founder Owned,AJ Patel is the founder and he is a serial entrepreneur if you know what I mean...
Post,Honey Bunches of Oats,Megacorp,
Post,HONEY MAID S’mores,Megacorp,
Post,Honey Ohs!,Megacorp,
Kellogg's,Honey Smacks,Megacorp,
Post,Honeycomb,Megacorp,
Mondelez International,HU,Megacorp,
Conagra Brands,Hunts,Megacorp,
Dominguez Family Foods,Juanitas,Family Owned,Based in Oregon
Dominguez Family Foods,Juantonio's,Family Owned,Based in Oregon
La Costena,Jumex,Megacorp,
Tootsie Roll Industries,Junior Mints,Megacorp,
Paul Newman and Ari Lee-Newman,K'Ul,Founder owned,"Not the Paul Newman of Newman's own, different Paul. This company seems very invested in advocating for worker and farmer rights."
Kellogg's,Kashi,Megacorp,
Crowley & Hannah families,Ken's dressing,Family owned,
Kendal Nutricare,Kendamil,Family owned,Owned by the McMahon family- brothers Dylan and Will and their dad Ross
La Costena,Kern's,Megacorp,
Nature's Path,Keto Organic Cereal,Founder Family Owned,
Ferrero Group,Kinder,Family owned,
Ignite,Kinder BBQ sauce,Private equity,
The Hershey Company,KitKat,Megacorp,
General Mills,Kix,Megacorp,
Nature's Path,Koala Crisp,Founder Family Owned,
Kraft-Heinz,Kraft,Megacorp,
Kellogg's,Krave,Megacorp,
Campbell's Soup Company,Lance,Megacorporation,
Landman Family,Landmark Coffee,Family owned,"Founded by Carl Landman, now run by his son Jim. Not to be confused with the numerous other Landmark coffee companies out there. This one is, I believe, registered as Carl Landman Co., Inc."
Langer family,Langer's,Family owned,
PepsiCo,Lays,Megacorp,
Kraft-Heinz,Lea & Perrins (worstechire sauce),Megacorp,
Dare foods,Lesley Stowe,Family owned,
PepsiCo,Life Cereal,Megacorp,
Pepsico,Lifewater,Megacorp,
The Hershey Company,Lily's,Megacorp,
Chocoladefabriken Lindt & Sprüngli AG,Lindt,Megacorp,Vanguard owns 30% of the shares of Lindt's parent company
Pepsico/Unilever,Lipton,Megacorp,Some sort of split ownership deal.
CVC Capital Partners,Lipton,Private Equity,Bought from Unilever in 2022
"Lisa Barnett, Angela Vranich, Michelle Muller, and Ben Lewis",Little Spoon,Founder owned,
MidOcean,Louisiana Fish Fry,Private equity,
Nature's Path,Love Crunch,Founder Family Owned,
Albertsons,Lucerne,Megacorp,
General Mills,Lucky Charms,Megacorp,
Reily Family,Luzianne,Family owned,
Mars,M&M's,Megacorp,
The Bronner Family,Magic All-one chocolate,Family owned,This is Dr. Bronner's chocolate brand
Magic Spoon,Magic Spoon Cereals,Founder Owned,
Post,Malt-O-Meal,Megacorp,
Post,Malt-O-Meal Hot,Megacorp,
Amazon,Mama Bear Organics,Megacorp,
Marinelli family,Martinelli's,Family owned,
Kameda Seika,Mary's gone Crackers,Japanese Megacorp,I was hoping it would be Mary... but it's not...
McDonald's,McCafe,Megacorp,
Axel Oberwelland,Merci Chocolate,Family Owned,Son of founder August Oberwelland currently runs and owns it.
Nature's Path,Mesa Sunrise,Founder Family Owned,
Jeff Mezzetta & Family,Mezzetta,Family Owned,Fourth generation family owned
Mezzetta Family,Mezzetta,Family owned,4th generation family owned
Mars,Milky Way,Megacorp,
Bary Robbins & David Levy,Miltons,"Founder owned, PE backed",Unclear how much PE is involved
Coca-Cola,Minute Maid,Megacorp,
Kraft-Heinz,Miracel Whip,Megacorp,
Gruma Corp.,Mission Chips,Megacorp,Based in Mexico
Post,Mom's Best,Megacorp,
Monster Beverage Corp,Monster,Megacorp,
JAB holding company,Mott's,Megacorp,
Privately Owned,Mt Olive,Privately Owned,SOME CRAZY STORY COME BACK TO THIS
Kellogg's,Mueslix,Megacorp,
Conagra Brands,Nalley,Megacorporation,
Magnano Family,Napoleon,Family owned,Fourth generation family owned
The Newman's Own Foundation,Newman's Own,Private Non-Profit,This company is the GOAT. They donate 100% of profits to charity and have donated more than $570 million worldwide through Newman's Own Foundation. However- this article details the family fight for control over the company after Paul's death.
Paul Newman & Family,Newman's Own,Founder family owned,Amazing company. 100% of profits are donated to charity.
Newman family,Newman's Own,Family owned,
Migros,Niagara Chocolates,Co-op,"Niagara chocolate was bought by Migros, Switzerland's largest retailer and employer. It is apparently a worker's co-op."
Heather K. Terry & Private Equity backers,Nib Mor,It's complicated,"Founded by Heather K. Terry, but a lot of funding rounds have taken place. Emil capital partners and possibly other VC firms are involved, it's hard to say if Terry is still in charge or not."
Nestle,Nidio,Megacorporation,I'll just leave this here...
Monster Beverage Corp,NOS,Megacorp,
Ahmed Rahim and Reem Hassani,Numi,Family owned,"Brother and sister who imigrated from Baghdad, Iraq in 1971"
Reckitt Benckiser Group,Nutramigen,Megacorporation,Mead Johnson is owned by Reckitt Benckiser Group and facing several class action lawsuits over baby formula
Albertson's,O Organics,Megacorporation,
General Mills,Oatmeal Crisp,Megacorp,
Co-op,Ocean Spray,Farmer's Co-op,
The Hershey Company,Oh Henry!,Megacorp,
Jennifer Garner & John Foraker,Once Upon A Farm,Founder owned,
One Mighty Mill,One Mighty Mill,Founder Owned,Founded by John Olinto
Post,OREO O’s,Megacorp,
Jeff Lichtenstein,Organic Nuna,Family owned,
Co-op,Organic Valley,Farmer's Cooperative,"Founded by George Siemon, who had previously worked for the National Organic Standards Board"
Employee Owned,Organiceville,Employee Owned,
"Litehouse, Inc",Organicville,Employee owned,
Nature's Path,Panda Puffs,Founder Family Owned,
Walmart,Parent's Choice,Megacorp,Store brand- manufactured by a subsidiary of Pfizer
Harris family,Partners,Family owned,"Based in Seattle, second generation"
Yvon Chouinard,Patagonia Provisions,Founder owned,This is the outdoor clothing company. The dude who climbs mountains.
Coca-cola,Peace Tea,Megacorp,
Spell Capital Partners,Pearson's Mint,Private Equity,
Post,PEBBLES,Megacorp,
Abbott Labs,Pediasure,Megacorporation,"""More sugar than a 12-ounce can of cola..."""
JAB Holding Company,Peet's,Megacorp,
HACO,Plochman's,Private equity,
Sun-Maid,Plum Organics,Co-op,
Auricchio family (Bel Gioioso),Polly-O,Family owned,
Jeff Bergadine & Michael Deal,Portlandia Foods,Founder owned,
Coca-cola,Powerade,Megacorp,
Campbell's Soup Company,Prego,Mega Corporation,Mary Alice Dorrance Malone(descendent of founder) still has largest stake in the company despite it being corporate
Post,Premier Protein,Megacorp,
Nabisco,Premium Saltines,Megacorporation,
Pepsico,Propel,Megacorp,
Post,Puffins,Megacorp,
PepsiCo,Quaker Oats,Megacorp,
Mizkan Group,Ragu,Mega Corporation,Based in Japan
Nick Keller,Rainforest Coffee Co.,Founder owned,"Partnered with this this channel- Follow this afilliate link to support my channel with a portion of proceeds and use code cancelthisclothingcompany for $5 off any order. A portion of all proceeds go to rainforest rehabilitation and all coffee is organic, pesticide free, small batch roasted to order."
Kellogg's,Raisin Bran,Megacorp,
Post,Raisin Bran,Megacorp,
General Mills,Raisin Nut Bran,Megacorp,
Campbell's Soup Company,Raos,Mega Corporation,Mary Alice Dorrance Malone(descendent of founder) still has largest stake in the company despite it being corporate
Schwan's Consumer Brands,Red Barron,CJ CheilJedang,"CJ CheilJedang is a South Korean international food, pharmaceutical, and biotechnology company..."
Mateschitz & Yoovidhya families,Red Bull,Family owned,I don't know what to make of this
The Hershey Company,Reese's,Megacorp,
General Mills,Reeses Puffs,Megacorp,
Coca-Cola,Rein,Megacorp,
Kellogg's,Rice Krispies,Megacorp,
Mondelez International,Ritz,Megacorporation,
Brown & Haley,Roca,Family Owned,Fifth generation family owned since 1940's
Pepsico,Rockstar,Megacorp,
The Hershey Company,Rolo,Megacorp,
Bernatello's Foods,Roma,Ramsay Family,
PepsiCo,Ruffles,Megacorp,
Rumiano family,Rumiano,Family owned,
Smuckers,RW Knudsen,Megacorp,
Noelle Deysel & Nic Stella,Ryse,Foudner owned,"Awesome guys, legit AF. Support them."
George Weston Limited,Sailor Boy,Private Equity,
Smuckers,Santa Cruz Organic,Megacorp,
Gentine family,Sargento,Family owned,
Fallucca Family,Screamin Sicillian,Family owned,Gives a darn about mustaches. Hell yeah.
Nestle,Seattle's Best,Megacorp,
Serenity & Joe Carr,Serenity,Family owned,
TH Foods Inc.,Sesmark,Private company,Ownership has passed around over the years. Used to be controlled by Mitsubishi
Post,Shredded Wheat,Megacorp,
United Bakeries Group,Sigdal,Megacorporation,"Complex ownership structure. I think leads up to Agrofert, a European conglomerate."
Albertson's,Signature Select,Megacorporation,
Abbott Labs,Similac,Megacorporation,Involved in the same lawsuit about NEC
Katlin Smith,Simple Mills,Female founder owned,Started this company in her early twenties.
Kroger,Simple Truth,Megacorp,
Mars,Skittles,Megacorp,
Nature's Path,Smart Bran,Founder Family Owned,
Kellogg's,Smart Start,Megacorp,
PepsiCo,Smartfood Popcorn,Megacorp,
The Dee Family,Smarties,Family owned,Run by the three granddaughters of the founder. So cool!
Coca-cola,Smartwater,Megacorp,
Mars,Snickers,Megacorp,
Post,Snoop Cereal,Megacorp,
Campbells Soup,Snyder's Pretzels,Megacorp,
Atalanta Corporation,Sonoma Creamery,Megacorporation,"Technically a private company, but its a big ole monster."
Utz Brands,South of the Border Chips,Megacorp,
Kellogg's,Special K,Megacorp,
Neptune Wellness Solutions,Sprout Organics,Megacorp,
Huy Fong Foods,Sriracha,Family owned,Tran family owned. Cool origin story
Starbucks,Starbucks,Megacorp,
Treehouse Foods,Steinfelds,Megacorporation,Via Bay Valley Foods
Nestle,Stouffer's,Megacorp,
McCormick,Stub's BBQ,Megacorp,
PepsiCo,Sun Chips,Megacorp,
Co-op,Sunkist,Farmer's Co-op,
Ken's Foods,Sweet Baby Ray's,Family owned,
Post,Sweet Dreams,Megacorp,
Post,Sweet Home Farm,Megacorp,
,Tabasco,Family owned,
Grupo Bimbo,Takis,Megacorp,
Unilever,Talenti,Megacorp,
CVC Capital Partners,Tazo,Private Equity,Bought from Unilever in 2022
Starbucks,Teavana,Megacorp,
Tata consumer products,Tetley,Megacorp,"Largest tea company in the UK and Canada, second largest in US"
Peter Harris,The Silver Palate,Privately Owned,Peter Harris purchased from the founders. He did not found it.
American Licorice Company,Theo,Privately owned,"In the process of merging with ALC as of mid 2023. ALC is technically family owned, but as they are a bigger conglomerate- I have marked Theo as now privately owned."
Co-op,Tillamook,Farmer's Cooperative,
Farmers Co-op,Tillamook,Co-op,
Restaurant Brands International,Tim Horton's,Megacorp,"Also own Burger King, Popeyes and Firehouse Subs."
Utz Brands,Tim's Chips,Megacorp,
"Sofia Laurell, Betsy Fore, Carolyn O'hare",Tiny Organics,Female founder owned,Big on subscription model
Nestle,Tombstone,Megacorp,
Schwan's Consumer Brands,Tony's,CJ CheilJedang,"CJ CheilJedang is a South Korean international food, pharmaceutical, and biotechnology company..."
Henk Jan Beltman,Tony's Chocolonely,Founder owned,"Minority stakes taken by Verlinvest and JamJar, both private equity partners."
Tootsie Roll Industries,Tootsie Roll,Megacorp,Ellen R. Gordon (no relation to founder) is CEO and largest shareholder with about 40% of shares. She's a billionaire off of this
PepsiCo,Tostitos,Megacorp,
General Mills,Total,Megacorp,
General Mills,Totinos,Megacorp,
Kellanova,Town House,Megacorporation,
Sadler Family,Traditional Medicinals,Family owned,
Co-op,Tree Top,Farmer's Co-op,
Mondelez International,Triscuit,Megacorporation,
General Mills,Trix,Megacorp,
Pepsico,Truleaf Tea,Megacorp,
JAB Holding Company,Tully's Coffee,Megacorp,Owned via Keurig Dr. Pepper
Associated British Foods,Twinnings,Megacorp,
Mars,Twix,Megacorp,
Feldkamp family,Umpqua,Family owned,
Post,Uncle Sam,Megacorp,
Unique Snacks,Unique Snacks,Family Owned,
The Bronner Family,Unreal,Family owned,Apparently started by two teenaged brothers and their father... so... by their father using them as a backstory??? haha... idk.
Campbell's Soup,V8,Megacorp,
Dare foods,Vinta,Family owned,I guess Dare is a family owned conglomerate at this point.
sketchy,Vita Coco,sketchy,I think they're in the process of getting bought out by Anheuser Busch
Conagra Brands,Vlasic,Megacorporation,
Post,Waffle Crisp,Megacorp,
HKW,Walden's Farms dressing,Private Equity,
Barilla,Wasa,Megacorporation,
Post,Weetabix,Megacorp,
Co-op,Welch's,Farmer's Co-op,
General Mills,Wheeties,Megacorp,
Deric Cahill & Brooklynn Cahill,Wicked BOLD chocolate,Family founder owned!,"Follow this affiliate link to purcahse directly from this family owned brand and support my channel at the same time! Use the coupon code cancelthisclothingcompany for 10% off your order as well! Everybody wins. Supporting small businesses and my channel through these affiliate links means a lot to me and the family owned businesses I promote, so thank you for your support."
Piazza family,Wild Mikes,Family owned,Has a children's charity foundation similar to Newman's Own
Unilever,Wishbone,Megacorp,
Juste went public,Yerbae,Megacorp,Likely going to get short sold and crushed and then bought out by a big competitor for pennies on the dollar if you ask me
"Drew Sutherland, David Cooper, and Glenn Baginski",Yogi,Founder owned,Owned via East West Tea Company
The Hershey Company,York Peppermint,,
Kraft Heinz,Yuban,Megacorp,
Angela Sutherland & Evelyn Rusli,Yumi,Female founder owned,
Kellanova,Zesta,Megacorporation,